Fault,humidity,temperature,pm1.0_atm,pm2.5_alt,pm10.0_atm
0,35.172413793103445,91.15517241379311,2.9608620689655174,3.1310344827586203,8.369827586206897
1,33.29545454545455,93.0,9.2525,6.454545454545454,16.01659090909091
2,31.0,94.0,1.2698,1.62,9.362599999999999
3,31.716666666666665,93.76666666666667,0.21050000000000002,2.6100000000000003,4.301333333333333
4,34.233333333333334,93.53333333333333,0.09166666666666666,0.9600000000000001,2.0490000000000004
